lastName;firstName;birthDate;team-complete-name;team-official-name;role;id;wyId;country;birthCountry;teamId;nationalTeamId;foot;age;Photo;Flag;Club Logo;Overall;Weak Foot;Skill Moves;Jersey Number;Crossing;Finishing;HeadingAccuracy;ShortPassing;Volleys;Dribbling;Curve;FKAccuracy;LongPassing;BallControl;Acceleration;SprintSpeed;Agility;Reactions;Balance;ShotPower;Jumping;Stamina;Strength;LongShots;Aggression;Interceptions;Positioning;Vision;Penalties;Composure;Marking;StandingTackle;SlidingTackle;GKDiving;GKHandling;GKKicking;GKPositioning;GKReflexes
Muto;Yoshinori;1992-07-15;Newcastle United FC;Newcastle United;Forward;392;94764;Japan;Japan;1613;12913;right;27;https://cdn.sofifa.org/players/4/19/232603.png;empty;empty;63;2;2;5;28;20;56;55;23;25;29;23;40;44;64;67;35;48;60;35;76;62;77;15;64;60;29;30;32;52;62;64;62;13;6;8;12;6
Rémy;Loïc;1987-01-02;Getafe Club de Fútbol;Getafe;Forward;474;25577;Martinique;France;698;null;right;32;https://cdn.sofifa.org/players/4/19/179527.png;empty;empty;77;3;4;9;60;79;76;70;71;74;66;51;60;74;76;72;71;75;64;77;83;64;72;71;59;48;80;71;76;78;35;24;21;9;10;15;14;12
Roca Junqué;Marc;1996-11-26;Reial Club Deportiu Espanyol;Espanyol;Midfielder;724;341752;Spain;Spain;691;null;left;23;https://cdn.sofifa.org/players/4/19/248028.png;empty;empty;65;3;2;73;33;24;63;64;29;37;28;25;41;52;59;64;62;52;63;39;73;72;68;25;63;64;29;32;37;50;64;66;63;10;7;10;5;11
Adopo;Michel Ndary;2000-07-19;Torino;Torino;Midfielder;250;562846;France;France;3713;null;right;19;https://cdn.sofifa.org/players/4/19/247354.png;empty;empty;56;3;2;19;29;58;65;43;48;45;31;21;23;47;89;86;80;47;71;48;67;63;56;41;51;19;53;41;56;46;19;16;16;10;7;7;12;13
Tomič;Michal;1999-03-30;Sampdoria;Sampdoria;Defender;703;406142;Slovakia;Slovakia;14368;null;right;20;https://cdn.sofifa.org/players/4/19/248123.png;empty;empty;58;3;3;34;38;56;52;61;39;60;38;37;49;58;68;65;58;53;74;61;57;42;48;57;60;51;52;50;47;47;45;51;49;9;6;10;11;13
Gabbia;Matteo;1999-10-21;Milan;Milan;Defender;380;405603;Italy;Italy;3203;3764;right;20;https://cdn.sofifa.org/players/4/19/240277.png;empty;empty;62;3;2;46;36;22;65;39;32;47;41;28;37;48;58;55;48;44;52;52;69;48;64;41;42;52;23;31;42;56;74;69;67;11;5;12;14;14
El Id;Moctar El Hacen;1997-12-31;Levante UD;Levante;Midfielder;478;264778;Mauritania;Mauritania;695;null;right;22;https://cdn.sofifa.org/players/4/19/247854.png;empty;empty;67;3;2;37;34;33;57;62;38;54;30;35;57;61;40;43;41;68;59;51;79;68;83;30;74;69;47;58;62;60;68;70;67;14;15;13;13;6
Ié;Edgar Miguel;1994-05-01;Lille OSC Métropole;Lille;Defender;620;70959;Portugal;Guinea-Bissau;3776;null;right;25;https://cdn.sofifa.org/players/4/19/226130.png;empty;empty;67;2;2;26;67;52;59;65;40;63;56;39;59;64;65;68;66;67;67;50;71;64;77;44;66;70;56;59;41;66;67;66;68;8;11;8;16;8
Pogba;Florentin;1990-08-19;Saint-Étienne;Saint-Étienne;Defender;250;26085;France;Guinea;None;null;left;29;https://cdn.sofifa.org/players/4/19/195864.png;empty;empty;88;4;5;6;80;75;75;86;84;87;85;82;90;90;67;79;75;82;66;90;82;87;89;82;78;64;83;88;83;87;63;67;65;5;6;2;4;3
Pionnier;Laurent;1982-05-24;Montpellier;Montpellier;Goalkeeper;250;25986;France;France;None;null;right;37;https://cdn.sofifa.org/players/4/19/188930.png;empty;empty;72;3;3;2;71;44;55;70;54;63;61;39;63;69;71;70;69;74;89;68;67;73;59;26;68;78;44;56;48;62;60;71;75;9;6;15;8;11
Egbo;Mandela;1997-08-17;Borussia M'gladbach;Borussia M'gladbach;Defender;566;286823;Nigeria;England;2619;null;right;22;https://cdn.sofifa.org/players/4/19/239978.png;empty;empty;72;2;3;98;66;73;63;66;57;71;64;56;54;73;86;86;73;65;57;71;80;68;75;60;68;17;76;67;43;72;23;38;32;5;13;7;8;13
Krapikas;Titas;1999-01-03;Sampdoria;Sampdoria;Goalkeeper;440;352868;Lithuania;Lithuania;3710;null;right;20;https://cdn.sofifa.org/players/4/19/235195.png;empty;empty;62;2;1;12;12;8;11;18;9;11;11;14;18;17;27;22;52;58;27;44;45;24;59;9;26;8;6;30;15;41;8;10;11;62;60;58;59;64
Han;Kwang-Song;1998-09-11;Cagliari Calcio;Cagliari;Forward;408;404209;Korea DPR;Korea DPR;3173;19571;right;21;https://cdn.sofifa.org/players/4/19/252086.png;empty;empty;66;3;2;2;58;45;55;63;41;67;52;45;56;64;70;68;67;68;68;42;64;68;56;47;60;67;63;52;53;64;66;65;66;8;12;10;8;6
Amrabat;Nordin;1987-03-31;Watford;Watford;Forward;504;32968;Morocco;Netherlands;16470;16216;right;32;https://cdn.sofifa.org/players/4/19/183108.png;empty;empty;78;2;4;11;79;73;68;78;73;80;77;68;67;78;81;77;86;74;78;81;53;73;78;72;71;54;73;78;77;71;35;65;55;11;14;7;6;13
Ribeiro Dias;Carlos Miguel;1993-02-26;Metz;Metz;Midfielder;620;135937;Portugal;Portugal;13505;null;right;26;https://cdn.sofifa.org/players/4/19/246242.png;empty;empty;70;3;3;11;36;71;66;62;61;71;48;42;41;68;69;74;65;61;63;70;66;57;77;62;53;22;70;46;64;54;28;17;14;11;10;15;14;10
Deeney;Troy;1988-06-29;Watford FC;Watford;Forward;388;8903;Jamaica;England;1644;null;right;31;https://cdn.sofifa.org/players/4/19/183125.png;empty;empty;78;3;2;9;56;77;83;74;78;68;68;49;61;77;54;59;62;78;68;86;83;73;91;75;85;31;79;74;82;78;38;30;25;10;11;16;12;15
Monreal Eraso;Ignacio;1986-02-26;Arsenal FC;Arsenal;Defender;724;3560;Spain;Spain;1609;1598;left;33;https://cdn.sofifa.org/players/4/19/223608.png;empty;empty;74;3;3;17;64;72;54;79;59;73;53;59;78;75;55;52;37;80;54;70;71;81;67;74;82;67;79;72;53;80;47;64;57;10;15;9;9;14
Caligara;Fabrizio;2000-04-12;Cagliari Calcio;Cagliari;Midfielder;380;434142;Italy;Italy;3173;null;left;19;https://cdn.sofifa.org/players/4/19/243527.png;empty;empty;63;2;2;8;48;43;60;70;51;60;47;65;62;68;57;53;60;58;68;63;60;51;67;61;54;59;54;62;45;59;64;58;59;6;10;12;10;10
Toufiqui;Sabri;1997-03-30;Stade Rennais FC;Rennes;Midfielder;504;288415;Morocco;France;3774;null;;22;https://cdn.sofifa.org/players/4/19/241495.png;empty;empty;62;3;2;41;57;52;51;69;51;62;48;45;67;63;63;65;64;51;77;54;56;55;51;49;59;45;59;60;49;56;53;65;58;7;6;7;13;6
Mooy;Aaron;1990-09-15;Huddersfield Town FC;Huddersfield Town;Midfielder;528;62389;Netherlands;Australia;1673;8493;right;29;https://cdn.sofifa.org/players/4/19/194958.png;empty;empty;76;3;3;18;73;66;50;79;65;71;73;72;80;76;64;55;69;74;74;71;70;75;74;74;75;68;70;77;73;77;72;72;69;11;8;12;11;12
Pelmard;Andy;2000-03-12;Nice;Nice;Defender;250;497354;France;France;3902;33157;right;19;https://cdn.sofifa.org/players/4/19/247412.png;empty;empty;63;4;2;24;53;26;57;67;33;44;49;27;49;58;72;74;69;58;73;53;66;57;56;24;62;63;31;33;48;58;61;65;66;8;14;5;7;9
Rémy;Loïc;1987-01-02;Getafe Club de Fútbol;Getafe;Forward;474;25577;Martinique;France;698;null;right;32;https://cdn.sofifa.org/players/4/19/179527.png;empty;empty;77;3;4;9;60;79;76;70;71;74;66;51;60;74;76;72;71;75;64;77;83;64;72;71;59;48;80;71;76;78;35;24;21;9;10;15;14;12
Alcibiade;David;1991-09-26;Nantes;Nantes;Defender;250;28251;France;France;None;null;;28;https://cdn.sofifa.org/players/4/19/222506.png;empty;empty;65;3;3;13;52;61;58;66;42;65;57;63;63;66;73;72;65;59;69;75;57;71;67;70;63;51;58;63;48;46;34;54;51;15;8;14;14;14
Brašanac;Darko;1992-02-12;CD Leganés;Leganés;Midfielder;688;127928;Serbia;Serbia;712;null;right;27;https://cdn.sofifa.org/players/4/19/236221.png;empty;empty;75;3;3;20;64;64;64;76;52;70;60;59;74;75;57;47;58;77;67;80;65;72;71;65;82;70;74;74;70;75;72;73;70;6;14;9;9;9
Kulusevski;Dejan;2000-04-25;Atalanta;Atalanta;Forward;807;472363;Macedonia FYR;Sweden;3715;7051;left;19;https://cdn.sofifa.org/players/4/19/247394.png;empty;empty;64;2;2;44;48;45;54;70;42;68;41;45;65;65;51;65;51;63;57;64;58;49;52;47;63;55;65;62;57;46;50;58;58;14;5;10;10;5
Zekhnini;Rafik;1998-01-12;Fiorentina;Fiorentina;Forward;578;361214;Norway;Norway;16;null;right;21;https://cdn.sofifa.org/players/4/19/228519.png;empty;empty;69;4;3;14;64;63;33;60;50;72;57;38;36;69;89;91;87;60;76;68;45;69;41;51;40;30;64;64;53;65;42;27;31;7;11;8;12;14
Fiordaliso;Alessandro;1999-03-20;Torino;Torino;Defender;380;416011;Italy;Italy;3230;null;right;20;https://cdn.sofifa.org/players/4/19/252825.png;empty;empty;56;2;2;2;47;28;47;38;36;62;34;31;28;43;73;69;59;54;59;29;57;63;58;26;49;51;39;33;33;36;53;61;62;11;7;13;5;7
Adiceam;Raphaël;1990-07-03;Amiens SC;Amiens SC;Goalkeeper;250;29314;France;France;4244;null;;29;https://cdn.sofifa.org/players/4/19/219806.png;empty;empty;70;3;3;9;22;68;69;56;57;68;44;34;27;70;71;62;58;69;51;74;51;64;88;44;81;21;71;51;60;72;25;20;20;12;14;13;15;8
Eramo;Mirko;1989-07-12;Benevento;Benevento;Midfielder;380;22565;Italy;Italy;3404;null;right;30;https://cdn.sofifa.org/players/4/19/189751.png;empty;empty;64;4;3;14;59;54;63;64;45;64;65;58;62;65;67;67;80;63;77;67;80;74;67;66;76;61;63;61;53;62;57;59;57;5;9;9;15;8
Plattenhardt;Marvin;1992-01-26;Hertha BSC;Hertha BSC;Defender;276;15125;Germany;Germany;2457;3148;left;27;https://cdn.sofifa.org/players/4/19/192557.png;empty;empty;77;2;3;21;87;43;60;78;54;75;87;89;69;77;69;73;68;77;73;79;72;75;74;55;64;72;67;65;61;68;76;78;77;15;6;15;13;16
Lulić;Senad;1986-01-18;SS Lazio;Lazio;Midfielder;756;20561;Switzerland;Bosnia-Herzegovina;3162;10001;right;33;https://cdn.sofifa.org/players/4/19/188427.png;empty;empty;79;4;3;19;82;66;70;78;65;80;76;61;78;78;75;80;71;78;76;84;69;89;71;78;76;74;78;72;55;74;73;78;76;5;12;14;10;5
Ráfli;Vincent;1988-01-22;Dijon FCO;Dijon;Defender;756;49921;Switzerland;Switzerland;3804;null;right;31;https://cdn.sofifa.org/players/4/19/177725.png;empty;empty;62;3;2;7;58;53;51;63;59;62;48;64;55;56;73;81;64;52;73;64;65;58;49;62;53;31;59;61;60;55;27;46;44;10;13;15;13;10
Valenčič;Vitja;1999-03-12;Fiorentina;Fiorentina;Midfielder;705;345817;Slovenia;Slovenia;11953;null;right;20;https://cdn.sofifa.org/players/4/19/250738.png;empty;empty;50;2;2;32;36;34;43;54;32;51;35;30;52;51;56;59;58;52;57;48;59;34;51;29;57;50;39;53;35;37;41;44;50;14;7;9;13;9
Rutjens;Oliva Christian;1998-01-05;Benevento;Benevento;Defender;724;485464;Spain;Spain;3465;null;right;21;https://cdn.sofifa.org/players/4/19/247076.png;empty;empty;70;3;2;17;59;51;59;76;43;65;60;47;69;72;64;64;71;72;62;74;54;64;69;69;75;70;58;68;51;64;68;72;68;9;13;5;15;12
Ćavar;Marijan;1998-02-02;Eintracht Frankfurt;Eintracht Frankfurt;Midfielder;191;476054;Croatia;Bosnia-Herzegovina;2462;10007;right;21;https://cdn.sofifa.org/players/4/19/242191.png;empty;empty;63;4;3;42;53;53;54;72;51;63;56;49;69;65;63;55;66;58;68;65;58;54;62;45;51;31;58;63;57;65;50;57;55;13;6;6;11;15
Del Prato;Enrico;1999-11-10;Atalanta;Atalanta;Defender;380;422552;Italy;Italy;3715;3764;right;20;https://cdn.sofifa.org/players/4/19/252442.png;empty;empty;57;2;2;15;44;34;56;64;48;56;48;45;58;49;69;68;51;58;61;62;55;63;55;48;63;48;60;55;51;44;49;54;61;7;12;9;12;6
Colpani;Andrea;1999-05-11;Atalanta;Atalanta;Midfielder;380;422555;Italy;Italy;3715;3764;left;20;https://cdn.sofifa.org/players/4/19/251988.png;empty;empty;63;2;2;25;54;50;57;67;51;68;57;50;70;68;70;66;65;61;69;68;57;52;55;50;43;48;53;65;60;63;50;52;54;10;9;6;12;11
Wriedt;Kwasi Okyere;1994-07-10;FC Bayern Mánchen;Bayern Mánchen;Forward;288;223546;Ghana;Germany;2444;null;left;25;https://cdn.sofifa.org/players/4/19/213949.png;empty;empty;69;4;3;10;60;70;59;63;61;69;60;64;33;64;74;77;68;65;64;71;56;65;80;59;65;21;66;56;63;63;31;27;21;8;9;15;13;11
Oprut;Raul Marian;1998-01-04;Genoa;Genoa;Defender;642;503199;Romania;Romania;60557;null;left;21;https://cdn.sofifa.org/players/4/19/227897.png;empty;empty;62;2;3;5;65;45;38;64;42;70;51;47;50;66;78;75;78;63;78;57;57;65;50;47;50;55;48;58;46;60;54;60;55;13;13;10;6;8
Toșca;Alin Dorinel;1992-03-14;Benevento Calcio;Benevento;Defender;100;85113;Bulgaria;Romania;3219;11944;left;27;https://cdn.sofifa.org/players/4/19/233512.png;empty;empty;68;3;2;6;61;46;66;69;43;55;39;34;61;62;72;71;67;67;61;44;54;57;70;42;62;69;54;54;41;60;60;69;74;13;6;12;12;12
Nogueira;Vincent;1988-01-16;RC Strasbourg Alsace;Strasbourg;Midfielder;620;25467;Portugal;France;3779;null;right;31;https://cdn.sofifa.org/players/4/19/177725.png;empty;empty;62;3;2;7;58;53;51;63;59;62;48;64;55;56;73;81;64;52;73;64;65;58;49;62;53;31;59;61;60;55;27;46;44;10;13;15;13;10
Caligara;Fabrizio;2000-04-12;Cagliari Calcio;Cagliari;Midfielder;380;434142;Italy;Italy;3173;null;left;19;https://cdn.sofifa.org/players/4/19/243527.png;empty;empty;63;2;2;8;48;43;60;70;51;60;47;65;62;68;57;53;60;58;68;63;60;51;67;61;54;59;54;62;45;59;64;58;59;6;10;12;10;10
Djilobodji;Papiss Mison;1988-12-01;Dijon FCO;Dijon;Defender;686;25524;Senegal;Senegal;3804;null;left;31;https://cdn.sofifa.org/players/4/19/197937.png;empty;empty;71;3;2;3;22;32;71;63;23;42;27;55;67;57;64;64;51;61;47;72;76;68;81;66;80;71;38;48;27;54;63;72;73;12;13;9;6;10
Kabasele;Christian;1991-02-24;Watford FC;Watford;Defender;56;68085;Belgium;Congo DR;1644;5629;right;28;https://cdn.sofifa.org/players/4/19/190324.png;empty;empty;78;3;2;27;47;49;78;66;52;59;34;27;57;66;64;74;57;73;57;57;83;68;80;44;78;76;50;36;53;64;78;77;80;14;11;6;14;16
do Nascimento;Leandro Henrique;1998-10-11;Napoli;Napoli;Forward;76;363994;Brazil;Brazil;5653;null;right;21;https://cdn.sofifa.org/players/4/19/229686.png;empty;empty;68;2;2;19;65;35;52;64;35;62;71;65;50;68;68;69;63;65;64;62;61;70;67;59;68;66;55;53;60;53;67;66;71;7;9;11;5;13
Taarabt;Adel;1989-05-24;Genoa CFC;Genoa;Midfielder;250;9080;France;Morocco;3193;null;right;30;https://cdn.sofifa.org/players/4/19/179605.png;empty;empty;75;4;4;49;68;64;36;70;73;85;81;71;65;84;69;65;72;75;76;76;38;49;68;67;65;39;70;77;70;79;40;36;29;4;6;4;4;6
Navarro Ceciliano;Marc;1995-07-02;Reial Club Deportiu Espanyol;Espanyol;Defender;724;341751;Spain;Spain;691;null;right;24;https://cdn.sofifa.org/players/4/19/248028.png;empty;empty;65;3;2;73;33;24;63;64;29;37;28;25;41;52;59;64;62;52;63;39;73;72;68;25;63;64;29;32;37;50;64;66;63;10;7;10;5;11
Mallı;Yunus;1992-02-24;VfL Wolfsburg;Wolfsburg;Midfielder;792;15191;Turkey;Germany;2451;4687;right;27;https://cdn.sofifa.org/players/4/19/192565.png;empty;empty;77;4;4;10;74;69;40;80;68;82;74;69;72;80;75;67;78;76;79;64;63;74;52;65;48;46;72;76;81;78;31;29;21;13;14;14;15;10
Chiricheș;Vlad Iulian;1989-11-14;SSC Napoli;Napoli;Defender;642;83575;Romania;Romania;3187;11944;right;30;https://cdn.sofifa.org/players/4/19/205943.png;empty;empty;77;3;2;21;46;56;73;68;70;59;46;25;70;66;63;63;57;74;72;82;71;61;70;72;76;79;36;46;51;69;83;82;78;7;11;10;14;13
Elia;Salvatore;1999-06-30;Atalanta;Atalanta;Forward;380;418317;Italy;Italy;3252;null;right;20;https://cdn.sofifa.org/players/4/19/246282.png;empty;empty;66;3;2;21;65;25;63;59;38;58;57;35;52;63;69;70;66;61;66;50;67;70;72;33;66;65;50;51;48;56;66;66;65;7;10;11;13;11
Amrabat;Nordin;1987-03-31;Leganés;Leganés;Forward;504;32968;Morocco;Netherlands;16470;16216;right;32;https://cdn.sofifa.org/players/4/19/183108.png;empty;empty;78;2;4;11;79;73;68;78;73;80;77;68;67;78;81;77;86;74;78;81;53;73;78;72;71;54;73;78;77;71;35;65;55;11;14;7;6;13
Herzog;Aaron;1998-01-30;Borussia M'gladbach;Borussia M'gladbach;Midfielder;276;391515;Germany;Germany;2619;null;right;21;https://cdn.sofifa.org/players/4/19/242748.png;empty;empty;61;3;2;39;47;37;50;68;31;59;44;40;63;57;69;66;76;57;77;58;67;52;47;42;69;58;42;48;52;50;55;61;66;10;9;8;8;15
Sitoe;Edson André;1988-09-08;Stade Rennais FC;Rennes;Defender;508;70711;Mozambique;Mozambique;3774;18752;right;31;https://cdn.sofifa.org/players/4/19/190674.png;empty;empty;78;3;3;21;72;61;79;80;56;75;68;46;79;76;67;73;73;76;72;69;91;89;78;65;79;78;70;76;66;76;75;78;71;8;14;15;7;10
Saltor Grau;Bruno;1980-10-01;Brighton & Hove Albion FC;Brighton & Hove Albion;Defender;724;3278;Spain;Spain;1651;null;right;39;https://cdn.sofifa.org/players/4/19/184120.png;empty;empty;78;3;3;21;60;68;61;83;48;74;72;77;82;76;32;31;40;74;56;78;56;34;70;75;76;76;71;83;75;82;77;78;77;13;10;9;11;8
Gaudino;Gianluca;1996-11-11;AC Chievo Verona;Chievo;Midfielder;380;272280;Italy;Germany;3165;null;right;23;https://cdn.sofifa.org/players/4/19/224925.png;empty;empty;68;3;3;11;50;36;40;78;42;67;51;53;73;77;66;66;81;67;80;51;54;61;36;37;33;58;49;73;51;70;55;47;36;11;11;9;11;13
Capoue;Etienne;1988-07-11;Watford FC;Watford;Midfielder;312;25798;Guadeloupe;France;1644;null;right;31;https://cdn.sofifa.org/players/4/19/178213.png;empty;empty;80;3;3;29;69;69;72;79;69;76;67;71;78;80;50;53;36;81;61;77;72;77;78;72;76;83;73;71;54;75;76;79;77;12;11;11;14;12
Azevedo Júnior;Hernani;1994-03-27;AS Saint-Étienne;Saint-Étienne;Midfielder;620;134797;Portugal;Brazil;3782;null;right;25;https://cdn.sofifa.org/players/4/19/191135.png;empty;empty;75;4;4;11;68;74;54;66;61;80;50;47;57;74;84;91;74;67;62;77;92;78;83;62;38;29;77;66;60;59;58;13;11;7;16;12;11;7
Kouakou Yao;Christian;1991-03-01;Stade Malherbe Caen;Caen;Forward;384;131321;Côte d'Ivoire;Côte d'Ivoire;3783;null;right;28;https://cdn.sofifa.org/players/4/19/235289.png;empty;empty;64;2;2;19;39;37;63;61;33;48;36;39;58;58;66;59;58;53;57;60;44;69;83;43;61;62;35;43;42;55;60;65;62;13;11;14;11;11
Mirallas;Kevin;1987-10-05;Everton;Everton;Midfielder;724;92922;Spain;Belgium;12509;null;right;32;https://cdn.sofifa.org/players/4/19/172175.png;empty;empty;78;4;4;28;77;71;64;80;75;81;77;76;75;82;77;75;79;74;73;77;68;69;58;72;58;35;76;67;75;73;31;52;51;8;10;14;13;15
Confais;Alois;1996-09-07;Espérance Sportive Troyes Aube Champagne;Troyes;Midfielder;250;249926;France;France;3795;null;right;23;https://cdn.sofifa.org/players/4/19/228833.png;empty;empty;65;3;2;8;60;51;56;67;52;66;63;54;65;66;79;77;74;66;80;64;67;65;58;57;61;65;57;64;59;59;58;59;63;7;15;11;8;15
Samper Montaña;Sergi;1995-01-20;UD Las Palmas;Las Palmas;Midfielder;724;5907;Spain;Spain;714;null;right;24;https://cdn.sofifa.org/players/4/19/251195.png;empty;empty;66;3;2;19;58;23;51;58;31;62;41;33;52;61;74;71;50;62;70;28;61;71;61;25;52;65;42;52;40;58;66;68;68;13;15;9;11;12
Pinto;Vincenzo;2000-10-31;Benevento;Benevento;Forward;380;486945;Italy;Italy;24101;null;right;19;https://cdn.sofifa.org/players/4/19/252467.png;empty;empty;60;3;2;33;24;62;60;44;42;61;38;22;25;59;62;66;52;59;57;59;61;56;59;48;66;11;59;45;62;58;12;18;15;9;5;9;9;14
Kasmirski;Filipe Luis;1985-08-09;Club Atlético de Madrid;Atlético Madrid;Defender;380;3434;Italy;Brazil;679;6380;left;34;https://cdn.sofifa.org/players/4/19/208474.png;empty;empty;62;2;2;4;41;33;56;64;29;48;36;37;52;54;41;57;55;60;56;48;63;63;66;35;61;62;38;57;45;44;65;64;63;6;6;16;7;15
Gagliano;Luca;2000-07-14;Cagliari;Cagliari;Forward;380;546356;Italy;Italy;3700;null;left;19;https://cdn.sofifa.org/players/4/19/241839.png;empty;empty;58;3;2;66;38;66;62;48;44;55;40;40;37;57;50;38;57;61;69;54;61;53;53;56;31;12;57;51;60;52;45;19;18;6;15;9;6;12
Moisander;Niklas;1985-09-29;SV Werder Bremen;Werder Bremen;Defender;246;77;Finland;Finland;2443;4849;left;34;https://cdn.sofifa.org/players/4/19/172862.png;empty;empty;79;5;3;18;54;39;77;78;40;69;56;44;76;74;53;48;64;79;64;67;77;62;75;56;72;82;60;73;41;77;83;79;75;11;9;14;15;7
Duffy;Shane;1992-01-01;Brighton & Hove Albion FC;Brighton & Hove Albion;Defender;372;8242;Ireland Republic;Northern Ireland;1651;8274;right;27;https://cdn.sofifa.org/players/4/19/192622.png;empty;empty;78;3;2;4;38;41;83;62;30;45;37;33;64;56;46;47;32;77;35;55;89;63;85;49;85;78;49;44;45;67;78;78;75;9;11;16;8;12
Rossi;Giuseppe;1987-02-01;Genoa;Genoa;Forward;380;3548;Italy;United States;None;null;left;32;https://cdn.sofifa.org/players/4/19/194894.png;empty;empty;60;1;1;31;19;11;14;17;16;21;22;22;12;19;22;21;55;48;40;47;55;22;24;12;14;27;11;22;14;42;20;17;16;62;60;62;58;60
Benítez Caraballo;Francesc Aday;1987-12-16;Girona FC;Girona;Defender;724;6210;Spain;Spain;756;null;right;32;https://cdn.sofifa.org/players/4/19/223241.png;empty;empty;69;3;2;3;80;43;53;71;41;62;73;59;70;67;72;70;74;71;67;71;81;82;81;63;77;65;57;71;45;55;57;66;69;9;11;8;9;10
Milić;Hrvoje;1989-05-10;Napoli;Napoli;Defender;191;69874;Croatia;Croatia;None;null;left;30;https://cdn.sofifa.org/players/4/19/191990.png;empty;empty;67;1;3;16;70;50;56;70;36;73;63;46;66;71;66;69;67;62;71;58;44;58;60;59;70;67;58;61;56;61;65;69;70;8;12;6;10;12
Gope-Fenepej;George;1988-10-23;Amiens SC;Amiens SC;Forward;540;132972;New Caledonia;New Caledonia;3789;null;right;31;https://cdn.sofifa.org/players/4/19/209979.png;empty;empty;63;3;3;19;61;61;68;63;55;63;52;37;44;65;67;65;71;55;68;60;75;67;75;53;59;17;61;58;62;58;31;26;20;11;11;9;11;11
Mavraj;Mërgim;1986-06-09;Hamburger SV;Hamburger SV;Defender;8;15449;Albania;Germany;None;null;left;33;https://cdn.sofifa.org/players/4/19/182713.png;empty;empty;71;3;2;20;44;25;77;60;33;29;43;43;45;55;30;33;46;64;43;29;70;53;77;26;74;66;20;49;51;63;72;76;70;11;10;8;14;10
Esposito;Salvatore;2000-10-07;SPAL;SPAL;Midfielder;380;535716;Italy;Italy;26442;null;right;19;https://cdn.sofifa.org/players/4/19/246282.png;empty;empty;66;3;2;21;65;25;63;59;38;58;57;35;52;63;69;70;66;61;66;50;67;70;72;33;66;65;50;51;48;56;66;66;65;7;10;11;13;11
Aramu;Mattia;1995-05-14;Torino;Torino;Forward;380;134440;Italy;Italy;3169;null;left;24;https://cdn.sofifa.org/players/4/19/219984.png;empty;empty;65;3;3;10;66;55;53;70;56;73;70;73;60;73;68;77;80;60;74;70;56;69;58;65;40;38;65;59;60;60;56;38;38;8;6;12;7;15
Boisgard;Quentin;1997-03-17;Toulouse FC;Toulouse;Midfielder;250;374118;France;France;3780;null;right;22;https://cdn.sofifa.org/players/4/19/231848.png;empty;empty;67;3;3;11;64;57;48;74;60;68;62;53;72;68;63;63;65;61;68;61;57;68;57;56;59;32;65;67;53;65;47;47;45;13;5;8;9;7
Burgstaller;Guido;1989-04-29;FC Schalke 04;Schalke 04;Forward;40;64995;Austria;Austria;2449;9109;right;30;https://cdn.sofifa.org/players/4/19/193584.png;empty;empty;77;5;3;19;69;78;74;73;74;74;62;42;58;72;65;68;64;80;63;79;68;91;82;72;84;34;80;64;64;78;32;39;21;12;7;14;10;9
Khalid;Driss;1999-02-07;Toulouse;Toulouse;Forward;504;437057;Morocco;France;3933;null;right;20;https://cdn.sofifa.org/players/4/19/241275.png;empty;empty;66;4;3;40;42;66;52;67;67;72;58;60;45;71;69;68;63;58;70;73;57;54;62;62;30;15;63;59;62;53;16;16;13;14;9;13;6;9
Subotić;Neven;1988-12-10;AS Saint-Étienne;Saint-Étienne;Defender;840;14801;United States;Serbia;3782;null;right;31;https://cdn.sofifa.org/players/4/19/183556.png;empty;empty;77;3;2;3;47;29;81;55;32;39;33;58;66;52;47;53;52;77;49;81;73;68;78;47;81;76;48;44;43;75;80;81;80;6;5;10;8;6
Luz Sanches;Renato Júnior;1997-08-18;FC Bayern Mánchen;Bayern Mánchen;Midfielder;678;258162;São Tomé e Príncipe;Portugal;2444;9905;right;22;https://cdn.sofifa.org/players/4/19/210269.png;empty;empty;67;3;2;22;66;53;66;65;59;62;53;48;59;66;68;68;67;63;57;65;71;69;75;49;73;70;63;59;55;58;67;67;69;13;13;14;11;10
Castro Martín;Rubén;1981-06-27;Real Betis Balompié;Real Betis;Forward;724;3604;Spain;Spain;684;null;right;38;https://cdn.sofifa.org/players/4/19/146996.png;empty;empty;70;2;1;13;12;14;12;31;11;15;11;28;32;20;44;46;56;66;55;53;76;41;60;20;33;18;14;49;25;58;15;13;12;70;66;71;71;72
Herrerín Buisán;Iago;1988-01-25;Athletic Club Bilbao;Athletic Club;Goalkeeper;724;4476;Spain;Spain;678;null;right;31;https://cdn.sofifa.org/players/4/19/193152.png;empty;empty;79;3;1;13;14;13;14;16;15;19;15;12;29;12;48;39;49;73;55;63;67;42;80;16;37;23;16;40;25;58;16;16;12;81;78;84;78;75
Rosa;Fernando Luiz;1985-05-04;Manchester City FC;Manchester City;Midfielder;76;105339;Brazil;Brazil;1625;6380;right;34;https://cdn.sofifa.org/players/4/19/184134.png;empty;empty;81;2;3;25;62;54;72;80;56;68;65;53;76;75;60;62;70;77;57;76;74;83;82;68;84;83;59;68;54;76;80;83;81;1;1;1;1;1
Navarro i Corbacho;Fernando;1982-06-25;Deportivo La Coruña;Deportivo La Coruña;Defender;724;3465;Spain;Spain;None;null;left;37;https://cdn.sofifa.org/players/4/19/165493.png;empty;empty;72;2;1;22;18;17;15;35;20;19;16;20;22;27;50;54;58;68;43;51;57;41;57;15;34;21;16;45;23;63;23;14;19;71;72;68;70;75
Toșca;Alin Dorinel;1992-03-14;Benevento Calcio;Benevento;Defender;100;85113;Bulgaria;Romania;3219;11944;left;27;https://cdn.sofifa.org/players/4/19/233512.png;empty;empty;68;3;2;6;61;46;66;69;43;55;39;34;61;62;72;71;67;67;61;44;54;57;70;42;62;69;54;54;41;60;60;69;74;13;6;12;12;12
Rakip;Erdal;1996-02-13;Crystal Palace;Crystal Palace;Midfielder;807;258141;Macedonia FYR;Sweden;9707;7054;right;23;https://cdn.sofifa.org/players/4/19/215574.png;empty;empty;68;2;3;19;59;52;46;67;52;69;62;67;64;69;73;64;86;70;81;62;74;86;63;63;78;55;70;68;55;65;52;53;58;13;9;9;10;14
Vargić;Ivan;1987-03-15;SS Lazio;Lazio;Goalkeeper;191;69417;Croatia;Croatia;3162;null;right;32;https://cdn.sofifa.org/players/4/19/220709.png;empty;empty;69;3;1;41;16;12;15;23;17;16;14;15;22;19;20;21;17;62;19;49;25;15;45;18;19;18;14;54;20;52;20;14;12;68;67;65;69;72
Johnson;Glen;1984-08-23;Stoke City;Stoke City;Defender;0;7957;England;England;null;null;right;35;https://cdn.sofifa.org/players/4/19/177159.png;empty;empty;76;4;3;19;75;69;60;76;66;76;70;57;69;75;76;76;72;76;72;68;69;75;60;58;71;65;74;73;53;70;63;75;73;7;7;10;12;15
Kert Molberg;Alexander;1999-02-26;Cagliari;Cagliari;Defender;208;540613;Denmark;Denmark;39813;7714;right;20;https://cdn.sofifa.org/players/4/19/252583.png;empty;empty;54;2;1;43;10;8;12;20;9;9;12;14;35;15;29;27;36;46;55;37;64;30;64;9;35;12;6;34;16;38;5;13;10;54;54;49;54;53
Rosi;Aleandro;1987-05-17;Genoa;Genoa;Defender;380;20434;Italy;Italy;None;null;right;32;https://cdn.sofifa.org/players/4/19/178117.png;empty;empty;70;3;3;2;73;54;60;68;42;71;65;54;68;72;72;72;72;70;60;72;69;77;74;65;72;65;62;58;50;74;64;68;70;6;12;8;14;7
Bergara Larrañaga;Markel;1986-05-05;Getafe Club de Fútbol;Getafe;Midfielder;724;3674;Spain;Spain;698;null;right;33;https://cdn.sofifa.org/players/4/19/176733.png;empty;empty;77;4;3;;56;77;75;72;71;72;66;47;51;73;72;73;70;75;71;79;74;69;76;74;61;28;83;66;70;75;33;33;25;10;7;12;8;14
Remeseiro Salgueiro;David;1994-07-06;Levante UD;Levante;Midfielder;724;247220;Spain;Spain;695;null;right;25;https://cdn.sofifa.org/players/4/19/222506.png;empty;empty;65;3;3;13;52;61;58;66;42;65;57;63;63;66;73;72;65;59;69;75;57;71;67;70;63;51;58;63;48;46;34;54;51;15;8;14;14;14
Juncà Reñé;David;1993-11-16;SD Eibar;Eibar;Defender;724;4780;Spain;Spain;701;null;left;26;https://cdn.sofifa.org/players/4/19/222506.png;empty;empty;65;3;3;13;52;61;58;66;42;65;57;63;63;66;73;72;65;59;69;75;57;71;67;70;63;51;58;63;48;46;34;54;51;15;8;14;14;14
Aoás Corrêa ;Marcos ;1994-05-14;Paris Saint-Germain FC;PSG;Defender;620;40539;Portugal;Brazil;3767;6380;right;25;https://cdn.sofifa.org/players/4/19/224446.png;empty;empty;62;2;1;23;11;6;16;21;6;16;16;11;21;21;35;40;62;56;45;6;74;33;42;6;22;16;11;13;21;31;13;19;19;66;58;59;58;65
Nakoulma;Préjuce Niguimbé;1987-04-21;Nantes;Nantes;Forward;854;99453;Burkina Faso;Burkina Faso;None;null;right;32;https://cdn.sofifa.org/players/4/19/190716.png;empty;empty;75;3;4;22;68;74+2;59;66;36;77;50;39;58;74+1;93+1;93+1;84;74+2;78;76;72;72-1;79;68+1;60;45+3;75+1;65+1;58;73+1;35;35;30;12;8;12;16;16
Achahbar;Karim;1996-01-03;Guingamp;Guingamp;Forward;504;260001;Morocco;France;null;null;left;23;https://cdn.sofifa.org/players/4/19/223951.png;empty;empty;64;2;2;14;49;70;59;60;55;68;50;50;48;68;76;72;71;50;57;65;30;48;43;63;61;13;59;48;60;64;15;11;12;10;9;6;14;8
N'Zonzi;Steven N'Kemboanza Mike Christopher;1988-12-15;AS Roma;Roma;Midfielder;180;8200;Congo DR;France;3158;4418;right;31;https://cdn.sofifa.org/players/4/19/187936.png;empty;empty;83;3;3;15;59;64;79;82;55;72;73;42;78;82;52-4;61-1;43;82;31;79;75;86;91+1;66;87;85;70;77;57;85;75;83;78;7;16;16;16;13
Labeau;Brighton;1996-01-01;Amiens SC;Amiens SC;Forward;250;331913;France;France;4059;null;right;23;https://cdn.sofifa.org/players/4/19/239329.png;empty;empty;67;3;3;9;39;71;68;66;59;67;49;48;39;66;64;64;57;57;61;67;62;52;62;62;32;18;66;63;66;59;19;21;15;10;14;15;11;7
Gamberini;Alessandro;1981-08-27;Chievo;Chievo;Defender;380;20929;Italy;Italy;None;null;right;38;https://cdn.sofifa.org/players/4/19/5213.png;empty;empty;77;3;2;5;32;29;76-2;50-8;27;54;46;28;54-4;55;62-3;68-1;54-1;66-2;66;69;78;53-9;77-1;40;73-2;83;31;26;41;76;83;82;78;16;7;15;9;15
Loria;Leonardo;1999-03-28;Juventus;Juventus;Goalkeeper;380;443962;Italy;Italy;26540;null;right;20;https://cdn.sofifa.org/players/4/19/207833.png;empty;empty;64;2;1;22;17;7;13;34;6;14;18;15;26;8;40;48;38;62;51;29;54;45;61;13;18;23;9;15;28;27;17;17;16;62;62;62;62;68
Bérigaud;Kévin;1988-05-09;Montpellier;Montpellier;Forward;250;26665;France;France;34760;null;right;31;https://cdn.sofifa.org/players/4/19/198819.png;empty;empty;70;3;3;11;69;70;61;68;76;73;61;60;66;72;68-4;73-2;73;60;69-1;77;72;63;65;70;55;50;68;68;73;73;50;40;42;7;16;12;9;13
Assou-Ekotto;Benoît;1984-03-24;Metz;Metz;Defender;120;8268;Cameroon;France;None;null;left;35;https://cdn.sofifa.org/players/4/19/157392.png;empty;empty;70;3;2;32;74+1;38;60;73+1;56;70+1;72;73-2;76+6;73;67-8;70-8;73;67+2;73;79;73;66-9;69-7;67;80-1;72+2;61;67+8;57;71;65;70+2;69;7;16;12;16;14
Tonev;Aleksandar;1990-02-02;Crotone;Crotone;Forward;100;99423;Bulgaria;Bulgaria;null;9400;right;29;https://cdn.sofifa.org/players/4/19/204166.png;empty;empty;68;5;3;24;66;59;54;65;64;71;66;67;64;66;88;86;87;57;78;80;74;79;58;74;37;43;52;62;53;75+15;32;46;44;7;7;9;14;14
Storari;Marco;1977-01-07;Milan;Milan;Goalkeeper;380;20457;Italy;Italy;None;null;right;42;https://cdn.sofifa.org/players/4/19/137854.png;empty;empty;76;2;1;30;14;12;21;32;12;21;11;12;35;20;49;39;59;69;53-10;21;75;39;63;14;31;14;11;54;10;65;11;14;11;78;76;66;75;78
Tavares;Júlio;1988-11-19;Dijon FCO;Dijon;Forward;250;27354;France;Cape Verde Islands;3804;null;right;31;https://cdn.sofifa.org/players/4/19/210722.png;empty;empty;71;2;2;11;30;73;74;56;59;63;44;30;32;68;64-4;66-3;69-1;71;49;71;55-1;69-2;86;67;49;14;69;54;68;63+11;13;14;12;9;15;15;14;6
Khazri;Wahbi;1991-02-08;AS Saint-Étienne;Saint-Étienne;Midfielder;788;25776;Tunisia;France;3782;16276;right;28;https://cdn.sofifa.org/players/4/19/194845.png;empty;empty;78;4;3;8;79-3;77-3;52;76-5;65;79-1;80;83;69;80;74;77;80;75-4;67;81;44;68-4;68;84;74;61;77-1;77-2;75;72;26;49;30;6;7;11;11;6
Seo;Young-Jae;1995-05-23;Hamburger SV;Hamburger SV;Defender;410;349681;Korea Republic;Korea Republic;2467;14857;left;24;https://cdn.sofifa.org/players/4/19/189307.png;empty;empty;60;2;3;2;54;47;38;55;51;61;47;46;48;60+2;76-1;78-1;80;49;82;54;73;72;33;38;45;57;55;41;49;56+17;58+1;57+1;57+2;13;16;16;7;7
Miceli;Alessio;1999-08-31;Lazio;Lazio;Midfielder;380;423597;Italy;Italy;3535;null;right;20;https://cdn.sofifa.org/players/4/19/221549.png;empty;empty;56;2;2;21;47;29;46;50;21;49;27;28;50;54;59-3;64;59;57;55;30;33;62-1;62;25;51;56;40;34;40;54;49;56;56;14;9;6;13;9
Toulalan;Jérémy;1983-09-10;Bordeaux;Bordeaux;Midfielder;250;3573;France;France;None;null;right;36;https://cdn.sofifa.org/players/4/19/112253.png;empty;empty;78;3;2;14;67;27;70;79;27;65;53;56;75;78;39-10;36-11;57;75;64;75;67+1;76-2;79;59-10;82;82;66;74;56;76;68;82;73;12;6;15;5;7
Borriello;Marco;1982-06-18;SPAL;SPAL;Forward;380;20476;Italy;Italy;None;null;left;37;https://cdn.sofifa.org/players/4/19/123576.png;empty;empty;78;2;2;22;55;83;80;68;70;69;61;74+4;45;78;57-3;65-1;67-1;77+4;60;80;78;61;78;50;58;24;85+2;62;74;81;18;24;20;6;6;11;8;11
Kießling;Stefan;1984-01-25;Bayer Leverkusen;Bayer Leverkusen;Forward;276;14788;Germany;Germany;None;null;right;35;https://cdn.sofifa.org/players/4/19/137262.png;empty;empty;76;3;2;11;65-3;79+1;86;73-2;78;65-2;66;49;49-10;70;55;53-10;39-8;77-5;44-1;79;80;66-11;81;70-1;79;44;79-3;71-1;81+2;78;26;50;41;6;7;5;11;12
Nkololo;Michaël Jordan;1992-11-09;Stade Malherbe Caen;Caen;Midfielder;180;209211;Congo DR;France;3783;18538;right;27;https://cdn.sofifa.org/players/4/19/209502.png;empty;empty;67;3;2;17;61;63;61;61;61;68;50;48;56;65;78;84;85;63;63;71;76;53;46;65;35;40;67;62;67;59+3;14;15;19;11;7;16;14;9
Camara;Abdoul Razzagui;1990-02-20;En Avant Guingamp;Guingamp;Midfielder;250;25474;France;Guinea;3785;null;left;29;https://cdn.sofifa.org/players/4/19/193953.png;empty;empty;71;3;3;9;68;64;64;66;63;75;69;49;63;70;90;92+1;76-1;62;74;76;71;69-1;70;68;64;26;66;67;52;69;20;29;27;11;16;13;12;16
Fornals Malla;Pablo;1996-02-22;Villarreal Club de Fútbol;Villarreal;Midfielder;724;399676;Spain;Spain;682;1604;right;23;https://cdn.sofifa.org/players/4/19/189021.png;empty;empty;67;3;1;23;8;9;8;16;9;9;10;10;12;12;43;46;41;63;41;22;65;33;52;9;36;24;12;46;13;33;10;10;9;69;63;61;63;74
Dramé;Boukary;1985-07-22;SPAL;SPAL;Defender;686;20639;Senegal;France;None;null;left;34;https://cdn.sofifa.org/players/4/19/168799.png;empty;empty;74;3;2;93;72;40;58;68;58;72;66;52;60;71;75-3;84;78;72;73-1;77;80;76-2;70-4;70;74;70;65;50;54;74;71;76;76;5;7;8;6;8
Manojlović;Filip;1996-04-25;Getafe Club de Fútbol;Getafe;Goalkeeper;688;363560;Serbia;Serbia;698;32344;right;23;https://cdn.sofifa.org/players/4/19/222222.png;empty;empty;71;2;2;;65;42;64;67;35;51;45;37;64;61;76;74;76;75;64;73;55;76;79;46;86;73;63;49;40;62;74;66;67;8;11;10;12;8
Berchiche Izeta;Yuri;1990-02-10;Paris Saint-Germain FC;PSG;Defender;724;4452;Spain;Spain;3767;null;left;29;https://cdn.sofifa.org/players/4/19/183512.png;empty;empty;77;3;3;17;78;36;72;66;54;66;77;55;66;74;79;77-1;73-1;72;71-1;78;85+1;83;77;79;88;67;45;45;59;75+26;79;77;83;12;13;9;8;11
Rexhbecaj;Elvis;1997-11-01;VfL Wolfsburg;Wolfsburg;Midfielder;276;337903;Germany;Albania;2451;null;left;22;https://cdn.sofifa.org/players/4/19/240193.png;empty;empty;63;3;2;37;46;41;54;79;47;60;41;41;71;63;64;69;52;57;61;62;58;62;58;45;69;49;58;56;54;42;48;49;55;14;11;6;8;14
N'Dour;Abdallah;1993-12-20;RC Strasbourg Alsace;Strasbourg;Defender;686;209095;Senegal;Senegal;3779;null;left;26;https://cdn.sofifa.org/players/4/19/192768.png;empty;empty;70;2;2;8;53;21;67;61;16;52;29;31;54;55;69;67;56-1;70;56-2;44;72;71;82+2;22;76;68;42;41;29;64;65;71;62;13;12;12;13;10
Burnic;Dzenis;1998-05-22;VfB Stuttgart 1893;Stuttgart;Midfielder;70;356908;Bosnia-Herzegovina;Germany;2445;3156;left;21;https://cdn.sofifa.org/players/4/19/198032.png;empty;empty;69;3;2;33;43;25;70;59;22;47;48;46;60;52;34;36-7;31-1;57;26;53;59+1;70;89;29;69;68;37;49;48;62;70-3;68-1;67;15;13;7;8;10
Lomba Neto;Pedro;2000-03-09;SS Lazio;Lazio;Forward;620;496823;Portugal;Portugal;3162;9911;left;19;https://cdn.sofifa.org/players/4/19/210366.png;empty;empty;66;3;1;36;15;17;15;26;15;14;17;13;32;20;38;39;47;55;40;34;65;33;67;11;27;17;5;27;14;37;12;12;16;70;61;65;64;70
Bedimo Nsamè;Henri;1984-06-04;Olympique de Marseille;Olympique Marseille;Defender;250;25988;France;Cameroon;3771;null;left;35;https://cdn.sofifa.org/players/4/19/150565.png;empty;empty;72;3;3;12;72;48;69;70;57;67;68;55;66;73;67-7;68-7;65-1;71;68;74;70;73;77-4;66;71-3;70-4;62;63;58;74;66-7;70-5;75-2;9;13;14;10;14
Amagat Arimany;Eloi;1985-05-21;Girona FC;Girona;Midfielder;724;167104;Spain;Spain;756;null;right;34;https://cdn.sofifa.org/players/4/19/168444.png;empty;empty;77;3;3;9;72;77;70;75;73;75;64;56;65;80;79;75;76;71;63;80;91;76;82;75;76;29;77;73;71;75;37;28;23;9;6;10;8;9
Hábner;Florian;1991-03-01;Hannover 96;Hannover 96;Defender;276;18581;Germany;Germany;2455;null;right;28;https://cdn.sofifa.org/players/4/19/175893.png;empty;empty;68;3;2;;71;51;67;66;55;61;66;63;65;66;60;68;65;68;60;68;72;74;73;58;63;66;60;68;59;69;66;69;66;16;11;10;8;9
Gandi;Najib;1994-06-23;Nantes;Nantes;Midfielder;250;229119;France;France;3924;null;;25;https://cdn.sofifa.org/players/4/19/216646.png;empty;empty;63;3;3;29;61+9;61;36;58+8;54;68+2;48;46;59+8;67+2;70-4;67-2;69-1;53+3;52;64+2;42-4;34-11;56;58+8;30;29+7;58+4;58+5;64;62+10;27;33;33;11;7;8;8;10
Cabaye;Yohan;1986-01-14;Crystal Palace;Crystal Palace;Midfielder;250;7988;France;France;16928;null;right;33;https://cdn.sofifa.org/players/4/19/167943.png;empty;empty;79;4;3;7;72;69;67;81;73;71;77;77;78;82;62-4;63-5;71-1;81+2;77;78;70;71-2;68;76;78;77;70;80+1;78;79+1;70-2;75;73;14;9;16;8;12
Sneijder;Wesley;1984-06-09;Nice;Nice;Midfielder;528;20531;Netherlands;Netherlands;16444;null;right;35;https://cdn.sofifa.org/players/4/19/139869.png;empty;empty;83;5;3;10;86+3;72;32;84-2;80;82-1;88;86+1;86+3;85;70-2;69-4;77-6;77+1;85;86-1;30+3;62-1;57;84;55-10;45;74;88+3;76;83;32;41;37;9;5;13;11;12
Ielsch;Julien;1983-03-05;Amiens SC;Amiens SC;Defender;250;26055;France;France;3789;null;left;36;https://cdn.sofifa.org/players/4/19/157585.png;empty;empty;67;3;2;23;66+7;34;40;66+5;25;57+5;39+2;34;62+10;64+8;72-2;76-2;70-1;65+9;79;51;54-1;72+1;58+1;25;74;65+4;56+15;49+9;56;63+6;65+8;66+4;67+1;16;7;12;13;8
Whitehead;Dean;1982-01-12;Huddersfield Town;Huddersfield Town;Midfielder;0;8745;England;England;null;null;right;37;https://cdn.sofifa.org/players/4/19/19874.png;empty;empty;66;3;2;4;63-5;54;64-1;63-2;55;57;65;64;62-2;62-1;41-21;34-19;58;73;62-2;67-3;66-6;48-4;72;61;79;70;62;64-2;70-3;63-1;62-2;66-1;63;9;13;14;13;10
Burdisso;Nicolás Andrés;1981-04-12;Torino;Torino;Defender;380;20429;Italy;Argentina;None;null;right;38;https://cdn.sofifa.org/players/4/19/139038.png;empty;empty;77;3;2;13;34;34;80;54;19;40;40;21;55;52;68;55;50;71;62;24;89;55;76;23;85;77;25;38;41;69;79;79;78;8;13;11;8;12
Schuster;Julian;1985-04-15;Freiburg;Freiburg;Midfielder;276;14998;Germany;Germany;None;null;right;34;https://cdn.sofifa.org/players/4/19/177520.png;empty;empty;70;3;2;23;69;55;52;73;55;59;73;71;69;68;31-10;34-11;51;70;49;73;33-9;68;73;66;74;71;56;67;68;73+4;67;66;65;11;16;7;11;6
Charrier;Charly;1986-05-27;Amiens SC;Amiens SC;Midfielder;250;25938;France;France;None;null;right;33;https://cdn.sofifa.org/players/4/19/204015.png;empty;empty;69;3;3;21;67+9;56+7;51;73+8;50+3;69+5;57+5;57+10;68+11;71+8;64-4;67-3;68-1;70+4;66+5;62+7;49+3;69+8;66+5;61;49+2;39;65+9;72;56+3;69+1;29;42;37;15;15;16;14;13
Jouffre;Yann;1984-07-23;Metz;Metz;Midfielder;250;26033;France;France;None;null;left;35;https://cdn.sofifa.org/players/4/19/137960.png;empty;empty;74;4;3;8;75;62;62;78+3;60;73+1;78;77+2;76+2;78+3;66-1;69-3;69-1;72+2;74;72+4;50;66;47;70+4;59;48-6;72+2;74+2;77+5;68+1;36-14;43-8;37-4;11;16;6;12;10
Mertesacker;Per;1984-09-29;Arsenal;Arsenal;Defender;276;7856;Germany;Germany;null;null;right;35;https://cdn.sofifa.org/players/4/19/53612.png;empty;empty;81;3;2;4;38;36;84-2;66-1;30;39;39;45;58;64-1;26;28;27-2;85+2;28;71;30-2;55-6;83-2;25;68-1;86;43;58;42;87;85-1;87;82-2;12;13;5;12;8
Rudņevs;Artjoms;1988-01-13;Köln;Köln;Forward;643;99425;Russia;Latvia;None;null;left;31;https://cdn.sofifa.org/players/4/19/192302.png;empty;empty;73;4;2;9;44;71;74;58;78;60;53;46;39;68;76-1;79-5;68;75;66-1;81;80;78;77;70;79;28;72;54;74;68;25;29;24;10;11;11;14;15
Carrick;Michael;1981-07-28;Manchester United;Manchester United;Midfielder;0;7928;England;England;null;null;right;38;https://cdn.sofifa.org/players/4/19/21146.png;empty;empty;80;3;2;16;72;59;71-2;87;67;71;68;59;85;79-1;43-10;44-8;58;85;62-1;78;72;65-4;66;64-7;64-3;81-2;66;83-2;64;88+3;73-2;76-3;70-2;13;12;11;15;9
Confente;Alessandro;1998-06-07;AC Chievo Verona;Chievo;Goalkeeper;380;417230;Italy;Italy;3165;null;right;21;https://cdn.sofifa.org/players/4/19/235835.png;empty;empty;60;1;1;98;12;5;13;26;15;15;16;14;25;20;33;30+13;22;47;27;47;30;23;58;20;19;11;7;34;17;43;5;13;12;65;61;50;47;73
Bessat;Vincent;1985-11-08;Caen;Caen;Midfielder;250;25532;France;France;None;null;left;34;https://cdn.sofifa.org/players/4/19/184706.png;empty;empty;74;2;3;11;79+1;58;53;75+1;62;75+1;54;57;75;75;75-1;72-3;76;76;74-1;67;73;64;70;71;62;46;70;74;58;71;71;72;69+3;6;16;10;12;9
Casimiro;Carlos Henrique;1992-02-23;Real Madrid Club de Fútbol;Real Madrid;Midfielder;76;40756;Brazil;Brazil;675;6380;right;27;https://cdn.sofifa.org/players/4/19/215314.png;empty;empty;66;3;2;16;35;31;73;42;40;32;43;38;40;57;48-6;53-1;31-2;57;52-5;48;41-6;60;81+2;42;65+10;61;31;33;44;54+5;65+3;69+1;67;7;10;13;10;16
Mora Sánchez;Sergio;1979-08-30;Getafe;Getafe;Midfielder;724;4593;Spain;Spain;None;null;right;40;https://cdn.sofifa.org/players/4/19/145020.png;empty;empty;70;3;2;14;67;56;36;79;49;54;83;80;82;68;44-9;39-11;66;63;58;74;33-2;61-2;70-1;72;80;60;56;75;71;80-4;60;69;58;15;13;15;10;7
Iloki;Jules;1992-01-14;Nantes;Nantes;Midfielder;178;217872;Congo;France;null;null;right;27;https://cdn.sofifa.org/players/4/19/209304.png;empty;empty;70;1;3;7;73+1;57+6;31+2;65+4;55+2;73+1;55+2;39+2;56+4;72-1;81-1;79-1;77-1;66+5;82;72+2;60;53;41-8;59+2;43;28+7;69+1;62+2;48+2;69+17;28+2;32+2;29+3;15;7;9;9;7
Mutton;Cristian;1999-01-06;Bologna;Bologna;Forward;380;411313;Italy;Italy;26379;null;right;20;https://cdn.sofifa.org/players/4/19/219730.png;empty;empty;62;3;2;28;28;18;65;57;32;38;33;26;50;55;35+1;42-8;45+1;61+18;45;53;62+1;63-1;77-5;24;68;54;23;30;38;62+43;56;65;57;15;8;15;12;8
Izco;Mariano Julio;1983-03-13;Crotone;Crotone;Midfielder;380;21078;Italy;Argentina;None;null;right;36;https://cdn.sofifa.org/players/4/19/165490.png;empty;empty;76;3;2;13;70;54-4;60;80+2;60;78;68;50;74;78;69;74-1;69;76;68;82;55;77-1;72;70;72;75;61;77;60;77;68;74;68+4;5;14;15;10;8
Meier;Alexander;1983-01-17;Eintracht Frankfurt;Eintracht Frankfurt;Forward;276;15254;Germany;Germany;None;null;right;36;https://cdn.sofifa.org/players/4/19/121170.png;empty;empty;77;2;2;14;70;81;74-3;69-7;83+3;72;86-2;75;54-23;77+1;34;40-12;43-6;79-1;34-6;83+1;33-15;48-11;87-1;79;60;50;85-1;77-2;72;81-1;30+5;44-4;21-7;16;6;6;11;9
Biondini;Davide;1983-01-24;US Sassuolo Calcio;Sassuolo;Midfielder;380;21282;Italy;Italy;3315;null;right;36;https://cdn.sofifa.org/players/4/19/162174.png;empty;empty;70;3;2;8;64;48;60;72;59;64;42;65;70;71;68;68;66;70;72;73;68;79;64;70;88+4;72+2;60;68;51;70;60;68;62;15;9;11;11;8
Giresse;Thibault;1981-05-25;Guingamp;Guingamp;Midfielder;250;25941;France;France;None;null;left;38;https://cdn.sofifa.org/players/4/19/112389.png;empty;empty;70;3;3;26;75;64;36;76;68;70-2;72;73;74;76-2;52-8;49-5;73-1;70;83;67;29+3;47;33-3;70;54;34;77;76;75;76;41;31;23;11;8;15;9;13
Mangane;Abdou Kader;1983-03-23;Strasbourg;Strasbourg;Defender;250;25641;France;Senegal;None;null;right;36;https://cdn.sofifa.org/players/4/19/47860.png;empty;empty;72;2;2;12;48;46;76;64;45;45;48;53;71;55;28+5;35-12;46;68+4;31;69;80+1;66-1;85;61;79;68;44;56;55;65;72+2;71+2;67+2;6;9;16;13;13
Biševac;Milan;1983-08-31;FC Metz;Metz;Defender;250;25423;France;Serbia;3777;null;right;36;https://cdn.sofifa.org/players/4/19/178111.png;empty;empty;73;3;2;6;58-9;42;73;72;42;48;43;46;68;65-1;54-6;62-2;52;67-3;55;69;79+2;66-3;78;55;75;73-1;58;57;59;69;70-1;73-1;69-2;12;8;15;14;15
Montolivo;Riccardo;1985-01-18;AC Milan;Milan;Midfielder;276;20943;Germany;Italy;3157;null;right;34;https://cdn.sofifa.org/players/4/19/159287.png;empty;empty;78;4;3;18;76;54;60;84;74;75;79;76;86;85;49-6;62-3;67-2;80;75;84;61;69;69;84;64-4;76+1;50-10;84;76;82;64+4;72;68;3;5;3;3;5
Evra;Patrice;1981-05-15;West Ham United;West Ham United;Defender;250;7915;France;Senegal;null;null;left;38;https://cdn.sofifa.org/players/4/19/52091.png;empty;empty;80;2;3;21;78-2;33;80;75;53;74;76;51;69;75;73-6;70-3;78-1;78;87;72;86-3;68-1;69;63;83+1;85-1;68;62;57;80;78-4;79-3;82-4;3;5;5;5;3
Wollscheid;Philipp;1989-03-06;Metz;Metz;Defender;276;15126;Germany;Germany;None;null;right;30;https://cdn.sofifa.org/players/4/19/198202.png;empty;empty;75;4;2;2;30;40;84-1;68-2;34;33;29;23;60;46-2;45-5;48-4;41-5;74-1;35+1;57;58;63+1;85+2;19;78;74-2;38;52;42;63-1;74-2;77-1;72-3;11;7;6;11;13
Kanoute;Mamadou Yaye;1993-10-07;Benevento;Benevento;Forward;380;23124;Italy;Senegal;3198;null;right;26;https://cdn.sofifa.org/players/4/19/228625.png;empty;empty;62;3;2;27;23;24;61+1;37+6;29;34+4;28;24;35+4;42+1;60-3;65-1;62+1;53+2;64+1;37;82+3;69+1;72+1;25;60+1;59;25;35;36+4;42-3;60+1;65+2;64+2;12;7;14;9;12
Efouba Ayissi;Théodore;1997-05-05;Metz;Metz;Defender;250;394008;France;Cameroon;None;null;right;22;https://cdn.sofifa.org/players/4/19/223016.png;empty;empty;70;2;2;5;49;33;74;61;24;42;26;36;59;51;66;66;58;60;58;64;78;75;76;43;78;70;41;33;53;39;67-3;69;66;12;12;10;9;11
Mboumbouni;Dylan;1996-02-20;Olympique Lyonnais;Olympique Lyonnais;Defender;140;256933;Central African Republic;France;3917;19610;right;23;https://cdn.sofifa.org/players/4/19/226863.png;empty;empty;60;3;2;36;33;28;65;46;35;49;27;28;32;55;50-5;51-4;63;51;66;44;79+2;62;77;26;65;54;33;32;46;57+10;54;57;53;15;9;13;11;15
Marchisio;Claudio;1986-01-19;Juventus;Juventus;Midfielder;380;20470;Italy;Italy;None;3757;right;33;https://cdn.sofifa.org/players/4/19/173210.png;empty;empty;85;4;4;8;76;61-2;68;87;76;84;78;78;85;85;78-1;78-1;81;86;79;82;68+1;81-2;70-1;82;78;80-2;80-2;84;78;84;72;78;80+2;4;3;4;2;4
Viscovo;Aniello;1999-06-21;FC Crotone;Crotone;Goalkeeper;380;392395;Italy;Italy;3197;null;right;20;https://cdn.sofifa.org/players/4/19/240757.png;empty;empty;51;2;1;78;11;8;13;17;6;12;10;11;16;17;32;15;24;43;23;21;32;18;58;6;23;8;7;24;11;24;5;11;13;58;46;57;52;47
Peugnet;Vincent;1998-02-05;Metz;Metz;Defender;250;454268;France;France;3919;null;;21;https://cdn.sofifa.org/players/4/19/232049.png;empty;empty;68;3;2;3;64;34;58;65;29;58;61;42;64;60;73;78;57;64;61;59;74;79;68;51;69;67;63;64;58;59;63;65;64;7;8;11;7;14
Duro Perales;Hugo;1999-11-10;Getafe Club de Fútbol;Getafe;Forward;724;545811;Spain;Spain;698;null;left;20;https://cdn.sofifa.org/players/4/19/231163.png;empty;empty;52;3;1;30;13;7;12;23;8;13;13;13;15;13;21;27;35;51;46;24;56;16;49;8;21;12;5;27;12;35;6;13;13;46;56;48;46;58
Varrault;Cédric;1980-01-30;Dijon;Dijon;Defender;250;26374;France;France;None;null;right;39;https://cdn.sofifa.org/players/4/19/51620.png;empty;empty;70;3;2;27;60;46;73;66;32;39;68;47;64;51;29;30-4;51;66;63-1;65;67;64;75;57;76;74;35;41;47;61;70;70;64;12;11;9;6;7
Astori;Davide;1987-01-07;Fiorentina;Fiorentina;Defender;380;20866;Italy;Italy;None;null;left;32;https://cdn.sofifa.org/players/4/19/173198.png;empty;empty;81;3;2;13;34;25;77;68;27;56;33;17;68;66;66-1;69;57-1;80+2;48-6;65;80;69;80;36;77-1;86;29;46;27;74;85;85;80;4;4;4;4;4
One Esteve;Aldo;1996-01-05;Deportivo La Coruña;Deportivo La Coruña;Defender;120;247150;Cameroon;Spain;859;null;left;23;https://cdn.sofifa.org/players/4/19/236902.png;empty;empty;62;3;3;20;52;54;58;71;35;62;47;41;70;65;59;60;56;62;68;59;62;35-7;49+1;53;66;57;43;58;56;54+4;51;69;65;8;11;5;9;8
Coppola;Ferdinando;1978-06-10;Hellas Verona;Hellas Verona;Goalkeeper;380;21091;Italy;Italy;None;null;right;41;https://cdn.sofifa.org/players/4/19/7674.png;empty;empty;66;2;1;40;10;11;15;26;13;10;14;10;26;22;34;35;50;55;42;23;59;26;60;16;23;20;10;25;21;40;10;14;16;69;62;58;73;64
Touré;Gnégnéri Yaya;1983-05-13;Manchester City;Manchester City;Midfielder;0;8324;England;Côte d'Ivoire;null;null;right;36;https://cdn.sofifa.org/players/4/19/20289.png;empty;empty;83;4;3;42;67;82;72-2;84-2;68;78-1;82+2;86+1;81-2;82;61-8;64-10;58-2;82;56+1;86;63-2;73-1;92+1;80-5;78;60;80;85;89;83;68+2;77+1;74-1;13;14;6;12;8
Subotić;Neven;1988-12-10;AS Saint-Étienne;Saint-Étienne;Defender;840;14801;United States;Serbia;3782;null;right;31;https://cdn.sofifa.org/players/4/19/183556.png;empty;empty;77;3;2;4;47;29;84;50;32;39;33;58;66-3;41;51-16;65-7;52-7;77+1;58-2;81;73-1;68-1;78-2;47;81-1;76+6;48;44;43;75;80-3;82-2;81-2;6;5;10;8;6
Salihović;Sejad;1984-10-08;Hamburger SV;Hamburger SV;Midfielder;70;15812;Bosnia-Herzegovina;Bosnia-Herzegovina;None;null;left;35;https://cdn.sofifa.org/players/4/19/157430.png;empty;empty;75;2;3;23;83;70;55;77;71;74;89;87;78;75;46;48;65;75;65;85;48;58-1;76-1;84;81;66;74;78;84;75;60;68;67;7;6;7;9;16
Foster;Ben;1983-04-03;Watford FC;Watford;Goalkeeper;0;8358;England;England;1644;null;left;36;https://cdn.sofifa.org/players/4/19/163155.png;empty;empty;80;3;1;1;15;18;14;36;14;14;15;17;32;25;50;48;45;72;50;27;75;32;57;14;15;23;14;42;41;67;15;15;14;79;79;73;77;84
Compper;Marvin;1985-06-14;RB Leipzig;RB Leipzig;Defender;250;15800;France;Germany;8508;null;left;34;https://cdn.sofifa.org/players/4/19/170231.png;empty;empty;76;3;2;33;49;38+3;76+2;68;26;51;25;32;63;63;62;62-4;56;78+6;57;44;79;65;72;28-4;66;79;44;52;46;74+7;81+4;75+1;76;12;10;16;14;7
Konate;Pa Momodou;1994-04-25;Società Polisportiva Ars et Labor 2013;SPAL;Defender;324;50807;Guinea;Sweden;3204;null;left;25;https://cdn.sofifa.org/players/4/19/212645.png;empty;empty;67;2;2;12;64+3;35;45;64+2;30;63+1;53;42;60+2;58+1;74-2;76-1;76;56+1;72+1;49;73+1;77-3;56;42;37;64+2;48;50;36;60+7;68;62;71;9;8;11;7;9
Bonnefoi;Landry;1983-09-20;Strasbourg;Strasbourg;Goalkeeper;250;26046;France;France;None;null;right;36;https://cdn.sofifa.org/players/4/19/137862.png;empty;empty;61;2;1;1;12;9;8;29;10;10;10;12;23;22;42;43;28;55;39;23;72;32;59;8;30;18;13;17;22;23;14;13;12;59;60;59;64;62
Ndong;Didier ;1994-06-17;Watford;Watford;Midfielder;266;242492;Gabon;Gabon;null;null;right;25;https://cdn.sofifa.org/players/4/19/218359.png;empty;empty;74;3;2;17;47;54;67;77;53;70;50;42;76;75;71;69;69;70;75;74;60;77+1;75;62;90;75;68;69;51;68;74;77;72;10;13;16;7;15
Sessègnon;Stéphane;1984-06-01;Montpellier;Montpellier;Midfielder;204;8533;Benin;Benin;4494;18884;right;35;https://cdn.sofifa.org/players/4/19/163699.png;empty;empty;75;3;4;28;76;71;70;76+1;69;79-1;76;67;71;79-1;78-1;76-1;87+1;74;92+2;75;71;77-2;73;69;72;72;70;75;76-1;75;63;68;66;7;14;13;11;11
Marson;Leonardo;1998-01-05;Sassuolo;Sassuolo;Goalkeeper;380;392384;Italy;Italy;3304;null;left;21;https://cdn.sofifa.org/players/4/19/229298.png;empty;empty;71;3;3;42;70;70;40;71;64;74;67;72;65;76;79;77;78;54;85;71;55;70;62;64;44;33;62;64;62;61;27;27;23;11;6;9;10;14
Pléa;Alassane;1993-03-10;O.G.C. Nice Côte d'Azur;Nice;Forward;466;25410;Mali;France;3775;null;right;26;https://cdn.sofifa.org/players/4/19/206467.png;empty;empty;79;3;3;14;76;80;72;76;81;76;77;74;69;76;79-2;82;77-1;72;78;83;73;81+1;78;80+2;59;36;77;76;63;74;40;38;30;11;15;16;12;15
Varešanović;Mak;1998-08-28;Udinese;Udinese;Midfielder;70;373469;Bosnia-Herzegovina;Turkey;null;null;right;21;https://cdn.sofifa.org/players/4/19/207904.png;empty;empty;68;4;3;14;62;69;58;65;57;69;58;33;59;64;87;91;94;61;90;65;70;58;35-1;62;33;25;59;61;69;69;13;17;16;12;7;12;14;11
Evra;Patrice;1981-05-15;Olympique Marseille;Olympique Marseille;Defender;250;7915;France;Senegal;null;null;left;38;https://cdn.sofifa.org/players/4/19/52091.png;empty;empty;80;2;3;21;78-2;33;80;75;53;74;76;51;69;75;73-6;70-3;78-1;78;87;72;86-3;68-1;69;63;83+1;85-1;68;62;57;80;78-4;79-3;82-4;3;5;5;5;3
Saborit Teixidor;Enric;1992-04-27;Athletic Club Bilbao;Athletic Club;Defender;724;3408;Spain;Spain;678;null;left;27;https://cdn.sofifa.org/players/4/19/201990.png;empty;empty;70;2;2;3;70;40;68+3;65+3;30;65;72;46;66;70+2;70-1;72;74+1;60;46-1;54;55-1;77;78;59;70;68;53;52;53;59+8;70+3;72+2;66+2;16;7;9;12;12
Le Joncour;Florian;1995-02-03;Stade Malherbe Caen;Caen;Defender;250;328021;France;France;3783;null;left;24;https://cdn.sofifa.org/players/4/19/175893.png;empty;empty;68;3;2;;71;51;67;66;55;61;66;63;65;66;60;68;65;68;60;68;72;74;73;58;63;66;60;68;59;69;66;69;66;16;11;10;8;9
do Rosário Calmon;Wergiton;1988-09-28;Toulouse FC;Toulouse;Midfielder;76;43196;Brazil;Brazil;3780;null;right;31;https://cdn.sofifa.org/players/4/19/165427.png;empty;empty;67;3;2;21;49;30;47;72;41;66+5;45;41;64+8;70;75;68;71;73;80;49;73+4;68;66-8;29;72;61+2;35;63;33;;61+4;68+2;63+2;8;13;11;15;10
da Rocha Fonte;José Miguel;1983-12-22;Lille OSC Métropole;Lille;Defender;620;8126;Portugal;Portugal;3776;9905;right;36;https://cdn.sofifa.org/players/4/19/146464.png;empty;empty;68;3;2;21;38;47;57;45;35;44;45;21;24;51;54-2;61+2;46;65;49;65;68+2;91+1;90+5;34;78;63;24;46;38;;69;74;68;6;7;13;10;8
Castro Irizábal;Gonzalo;1984-09-14;Málaga Club de Fútbol;Málaga;Midfielder;724;3645;Spain;Uruguay;683;null;left;35;https://cdn.sofifa.org/players/4/19/139016.png;empty;empty;67;3;2;20;64-1;48-1;60-1;68-1;65-1;63-2;64-1;62-1;67-1;69-1;67-1;70-1;70-2;71-1;63-1;70-1;68-5;90+6;73+3;68;68-1;66-1;41+11;68-1;64-1;;64-1;66-2;66-2;10;11;9;10;9
Söyáncá;Caglar;1996-05-23;SC Freiburg;Freiburg;Defender;792;344864;Turkey;Turkey;2453;4687;right;23;https://cdn.sofifa.org/players/4/19/165427.png;empty;empty;67;3;2;21;49;30;47;72;41;66+5;45;41;64+8;70;75;68;71;73;80;49;73+4;68;66-8;29;72;61+2;35;63;33;;61+4;68+2;63+2;8;13;11;15;10
Simón Mendibil;Unai;1997-06-11;Athletic Club Bilbao;Athletic Club;Goalkeeper;724;344059;Spain;Spain;678;1604;right;22;https://cdn.sofifa.org/players/4/19/211497.png;empty;empty;59;3;3;34;24;58-1;65-1;38;64;46+1;25;28;23;51+1;52-2;65+2;46;55-2;48+4;74+9;70+3;33;77+2;48;48;20;62;39;58;;25;25;25;11;10;11;7;6
Raba Antolí;Daniel;1995-10-29;Villarreal Club de Fútbol;Villarreal;Midfielder;724;412897;Spain;Spain;682;null;left;24;https://cdn.sofifa.org/players/4/19/216094.png;empty;empty;61;3;2;20;61;34;47;54;26;63;38;35;53;56;75;76;74;56;72;40;64;70;52;33;69;59;52;35;43;;59;64;63;14;11;11;6;9
Suk;Hyun-Jun;1991-06-29;Espérance Sportive Troyes Aube Champagne;Troyes;Forward;410;382;Korea Republic;Korea Republic;3795;null;right;28;https://cdn.sofifa.org/players/4/19/212570.png;empty;empty;63;3;2;14;43;62;64;62;32;55;40;44;57;63;48;42-24;62;66;52;79;74;86;83;67;77;64;66;59;62;;48;59;57;7;10;8;6;14
Bellanova;Raoul;2000-05-16;Milan;Milan;Defender;380;405598;Italy;Italy;26542;3764;right;19;https://cdn.sofifa.org/players/4/19/198352.png;empty;empty;72;3;2;16;48;33;77;66;36;46;43;39;63;55-4;65-1;69+1;55;74;50;64;63;67-1;78;46;59;76+1;35;50;51;;75+1;77+1;69+1;6;15;7;12;13
Berg Guðmunds­­-­­son;Johann ;1990-10-27;Burnley FC;Burnley;Midfielder;352;93;Iceland;Iceland;1646;7839;left;29;https://cdn.sofifa.org/players/4/19/176733.png;empty;empty;77;4;3;9;55;80;76;74;73;71;65;46;50;78;74;73;73;75;72;78;74;70;72;73;60;27;80;65;69;;25;32;24;9;6;11;7;13
Castellano Betancor;Dani;1987-11-02;UD Las Palmas;Las Palmas;Defender;724;4371;Spain;Spain;714;null;left;32;https://cdn.sofifa.org/players/4/19/177993.png;empty;empty;69;3;2;66;50;45;65;71+1;48;60;56;43;66+1;68+1;59;53-10;60;69;66;59;55;75;75;53;74;73+3;61;62;42;;69+3;64+2;63+3;9;15;8;9;14
Bouah;Devid Eugene;2001-08-13;Roma;Roma;Defender;380;532436;Italy;Italy;31889;null;right;18;https://cdn.sofifa.org/players/4/19/224510.png;empty;empty;58;3;2;19;40;61;55;57;59;63;61;44;49;61;74;71;63;49;69;60;60;59;56;55;34;25;49;50;58;;25;25;25;11;14;11;10;11
Regis Crespí;Francesc;1996-09-30;Eibar;Eibar;Forward;724;390613;Spain;Spain;936;null;right;23;https://cdn.sofifa.org/players/4/19/182145.png;empty;empty;66;3;2;21;49;22;65;62;47;49;48;38;58;55-6;53-1;58+6;56;54;62;57;73+2;56;71+3;48;66;59;37;48;42;;69;71;66;13;5;5;8;12
Hakšabanović;Sead;1999-05-04;Málaga Club de Fútbol;Málaga;Midfielder;499;361843;Montenegro;Sweden;683;17371;right;20;https://cdn.sofifa.org/players/4/19/222044.png;empty;empty;60;3;3;20;31;59;64;52;42;62;34;28;30;61;83+2;79;72+7;54;74+5;59;71+3;57;65+1;54;41;25;54;52;61;;25;25;25;11;12;12;10;14
Tochukwu Nwankwo;Simeon;1992-05-07;FC Crotone;Crotone;Forward;566;72397;Nigeria;Nigeria;3197;16823;right;27;https://cdn.sofifa.org/players/4/19/221959.png;empty;empty;56;2;2;15;58;53;38;59;45;57;54;38;58;55;65;68;67;55;75;56;42;73;65;36;55;54;48;43;58;;61;51;55;9;5;10;6;12
Bárki;Roman;1990-11-14;BV Borussia 09 Dortmund;Borussia Dortmund;Goalkeeper;756;49968;Switzerland;Switzerland;2447;6697;right;29;https://cdn.sofifa.org/players/4/19/154860.png;empty;empty;69;3;3;28;65-3;67-5;64-1;72-1;58;68-6;60-2;56-1;65-6;68-3;77-4;79-3;70-3;65-3;77-1;67-5;63;77;58+11;65-5;67-6;58-1;71;67-2;52+2;;25;55-1;52-2;7;10;15;10;8
Rico Salguero;Diego;1993-02-23;CD Leganés;Leganés;Defender;724;169002;Spain;Spain;712;null;left;26;https://cdn.sofifa.org/players/4/19/136138.png;empty;empty;82;4;4;10;80;69-1;53;87;82;85-3;85;86;81;84-3;77;74;90+4;85-1;84;75+5;77;57;66;77-2;64;34;70-2;85-1;82;;35;42;39;6;6;5;14;14
Iturraspe Derteano;Ander;1989-03-08;Athletic Club Bilbao;Athletic Club;Midfielder;724;3414;Spain;Spain;678;null;right;30;https://cdn.sofifa.org/players/4/19/176903.png;empty;empty;78;4;2;16;67+1;26+1;51+1;82+3;52+1;64+1;70+1;46+1;76+2;75+3;74;68-1;76+1;76+2;71+1;74+1;67+1;85+1;66-1;69+1;83+1;85+1;51+1;75+2;32+1;;63+3;84+1;82+1;12;9;8;14;9
Théophile Catherine;Kévin;1989-10-28;AS Saint-Étienne;Saint-Étienne;Defender;474;25643;Martinique;France;3782;null;right;30;https://cdn.sofifa.org/players/4/19/165427.png;empty;empty;67;3;2;21;49;30;47;72;41;66+5;45;41;64+8;70;75;68;71;73;80;49;73+4;68;66-8;29;72;61+2;35;63;33;;61+4;68+2;63+2;8;13;11;15;10
Elustondo Irribaria;Aritz;1994-03-28;Real Sociedad de Fútbol;Real Sociedad;Defender;724;278288;Spain;Spain;687;null;right;25;https://cdn.sofifa.org/players/4/19/168444.png;empty;empty;75;4;3;9;76;76;71;73;73;72;63;55;64;76;88+2;72-6;76;71;63-15;80;91;76;82;75;73;28;71;75;70;;36;27;22;8;5;9;7;8
Polanski;Eugen;1986-03-17;Hoffenheim;Hoffenheim;Midfielder;276;15193;Germany;Poland;None;null;right;33;https://cdn.sofifa.org/players/4/19/189532.png;empty;empty;61;2;2;3;56;25;61;56;39;51;47;29;46;53;60;50;55;60;55;55;62;74;80;27;65;64;23;43;26;;61;64;59;11;8;13;10;9
Cabras;Nicolò;2001-02-11;Cagliari;Cagliari;Goalkeeper;380;545472;Italy;Italy;3700;null;right;18;https://cdn.sofifa.org/players/4/19/211314.png;empty;empty;56;3;3;40;44;43;43;65;34;59;37;33;55;57;68;76;55;55;79;46;63;52;37;39;49;44;55;58;43;;33;40;36;13;6;12;15;11
Grange;Dorian;1996-05-10;Olympique Lyonnais;Olympique Lyonnais;Goalkeeper;250;235448;France;France;3917;null;right;23;https://cdn.sofifa.org/players/4/19/194717.png;empty;empty;65;3;3;29;71;58-2;28;65-2;63;64-2;67;72;65-2;67-1;77+3;78-1;82+2;63-1;73;61-8;44-4;75+3;63+1;59-9;39;53;61;67-1;64;;23;24;22;5;8;6;11;12
Planas Antolínez;Carles;1991-03-04;Girona FC;Girona;Defender;724;4789;Spain;Spain;756;null;left;28;https://cdn.sofifa.org/players/4/19/165427.png;empty;empty;67;3;2;21;49;30;47;72;41;66+5;45;41;64+8;70;75;68;71;73;80;49;73+4;68;66-8;29;72;61+2;35;63;33;;61+4;68+2;63+2;8;13;11;15;10
de Marcos Arana;Óscar;1989-04-14;Athletic Club Bilbao;Athletic Club;Defender;724;3421;Spain;Spain;678;null;right;30;https://cdn.sofifa.org/players/4/19/110842.png;empty;empty;77;3;3;10;69;77;52;77;62;73;70;68;75;75;67;69+1;78+4;82;70;78;71+3;61+1;61+2;82;57;30;81;75;60;;40;42;48;12;12;11;6;7
Pareja;Nicolás Martín;1984-01-19;Sevilla FC;Sevilla;Defender;380;101649;Italy;Argentina;680;null;right;35;https://cdn.sofifa.org/players/4/19/111137.png;empty;empty;66;3;3;19;55-3;48;62;77-4;60-5;56-7;71-5;69;77-3;69-2;42-2;32-1;45;67-10;59;71-3;47;34-11;67;69;66;62;57;79-2;71;;60+8;60;60+16;12;5;9;10;7
Máller;Florian;1997-11-13;1. FSV Mainz 05;Mainz 05;Goalkeeper;276;337647;Germany;Germany;2460;null;left;22;https://cdn.sofifa.org/players/4/19/175893.png;empty;empty;65;3;2;15;69;40;63;61;57;59;65;55;60;65;64;73;65;64;60;70;70;70;67;57;62;61;53;63;58;;66;66;63;15;10;9;7;8
Pollet;Valère;1997-06-27;Lille OSC Métropole;Lille;Midfielder;250;436250;France;France;3776;null;;22;https://cdn.sofifa.org/players/4/19/183392.png;empty;empty;70;4;2;99;28;72;70;62;70;59;57;49;41;65;67;72;62;67;46;77;72+2;71;82;69;35;22;70;48;70;;30;24;21;7;7;15;12;15
Callejón Bueno;José María;1987-02-11;SSC Napoli;Napoli;Forward;724;3313;Spain;Spain;3187;null;right;32;https://cdn.sofifa.org/players/4/19/214604.png;empty;empty;67;3;3;4;68;39;59;65;24;61;48;52;63;67;71;72;67;74;69;71;75;46;65;64;76;73;52;57;53;;63;69;67;7;12;6;14;9
Frello Filho;Jorge Luiz;1991-12-20;SSC Napoli;Napoli;Midfielder;380;21315;Italy;Brazil;3187;3757;right;28;https://cdn.sofifa.org/players/4/19/146462.png;empty;empty;62;3;2;25;41;33;73;48;39;32;36;48;44;42;34-4;57+14;47;59;56;59;54;64+1;70+2;35;67;70;37;46;55;;65;60;57;5;11;13;13;6
Valero Iglesias;Borja;1985-01-12;FC Internazionale Milano;Internazionale;Midfielder;724;3543;Spain;Spain;3161;null;right;34;https://cdn.sofifa.org/players/4/19/175386.png;empty;empty;66;3;3;20;65;68;75;62;63;63;58;57;51;58;78+5;77;66;54;61;72;73;56;80-1;60;72;42;60;66;66;;25;43;36;11;6;8;5;9
Del Favero;Mattia;1998-06-05;Juventus;Juventus;Goalkeeper;380;375395;Italy;Italy;63044;null;right;21;https://cdn.sofifa.org/players/4/19/212683.png;empty;empty;57;3;2;10;39;62-4;63;46;46;48;39;32;26;52;50-8;54-2;57;61;52;54;59;65;82+4;49;43;25;59+2;53;67;;25;25;25;10;12;14;12;11
